id,district_th,name_th,area_sqm,status,completed_month,completed_year_ce,source
1.0,คลองเตย,สวนเฉลิมพระเกียรติสมเด็จย่า,14400.0,renovation,2.0,2023.0,data.bangkok.go.th (สวน 15 นาที / env_park15_min.csv)
2.0,คลองเตย,สวนป๋าเปรม,0.0,renovation,3.0,2023.0,data.bangkok.go.th (สวน 15 นาที / env_park15_min.csv)
3.0,คลองเตย,สวนอาจณรงค์ภิรมย์,0.0,renovation,5.0,2023.0,data.bangkok.go.th (สวน 15 นาที / env_park15_min.csv)
4.0,คลองเตย,สวน 80 พรรษามหาราชินี (ใต้ทางด่วนซอยสุขุมวิท 48/1),8000.0,new_build,11.0,2023.0,data.bangkok.go.th (สวน 15 นาที / env_park15_min.csv)
5.0,คลองเตย,สวน 50 สุข (ซ. สุขุมวิท 50),20728.0,new_build,2.0,2024.0,data.bangkok.go.th (สวน 15 นาที / env_park15_min.csv)
6.0,คลองเตย,สวนคลองเตย พัก & Play (สวนหย่อมหน้าสถานี MRT ศูนย์ประชุมแห่งชาติสิริกิติ์),976.0,new_build,3.0,2024.0,data.bangkok.go.th (สวน 15 นาที / env_park15_min.csv)
7.0,คลองเตย,สวนวัดคลองเตยใน,800.0,new_build,3.0,2024.0,data.bangkok.go.th (สวน 15 นาที / env_park15_min.csv)
8.0,คลองเตย,สวนเพลินจิต,0.0,new_build,11.0,2024.0,data.bangkok.go.th (สวน 15 นาที / env_park15_min.csv)
9.0,คลองเตย,สวนสุขวิถีชาวแฟลต,450.0,new_build,1.0,2025.0,data.bangkok.go.th (สวน 15 นาที / env_park15_min.csv)
10.0,คลองสาน,สวนหย่อมตรงข้ามสำนักงานเขต,180.0,renovation,2.0,2023.0,data.bangkok.go.th (สวน 15 นาที / env_park15_min.csv)
11.0,คลองสาน,สวนหย่อมตรงข้ามสำนักการศึกษา,300.0,renovation,4.0,2023.0,data.bangkok.go.th (สวน 15 นาที / env_park15_min.csv)
12.0,คลองสาน,ที่ว่างริมแม่น้ำเจ้าพระยาวัดทองธรรมชาติ ถนนเชียงใหม่,228.0,new_build,7.0,2023.0,data.bangkok.go.th (สวน 15 นาที / env_park15_min.csv)
13.0,คลองสาน,สวนหย่อมสามเหลี่ยมลาดหญ้า,300.0,renovation,1.0,2024.0,data.bangkok.go.th (สวน 15 นาที / env_park15_min.csv)
14.0,คลองสาน,สวนหย่อมริมคลองวัดทองนพคุณ ซอยสมเด็จเจ้าพระยา 15,160.0,new_build,7.0,2024.0,data.bangkok.go.th (สวน 15 นาที / env_park15_min.csv)
15.0,คลองสาน,สวนหย่อมหน้าสวนป่าเฉลิมพระเกียรติใต้สะพานสมเด็จพระเจ้าตากสิน,500.0,renovation,8.0,2024.0,data.bangkok.go.th (สวน 15 นาที / env_park15_min.csv)
16.0,คลองสามวา,สวนสามวาพนานุรักษ์,3200.0,renovation,3.0,2022.0,data.bangkok.go.th (สวน 15 นาที / env_park15_min.csv)
17.0,คลองสามวา,สวนสามวาประชาสุขสันต์,4104.0,new_build,8.0,2023.0,data.bangkok.go.th (สวน 15 นาที / env_park15_min.csv)
18.0,คลองสามวา,สวนเจริญสุขสุขสำราญพัฒนา,1600.0,new_build,8.0,2023.0,data.bangkok.go.th (สวน 15 นาที / env_park15_min.csv)
19.0,คลองสามวา,สวนราษฎร์ร่วมใจ,6180.0,new_build,8.0,2023.0,data.bangkok.go.th (สวน 15 นาที / env_park15_min.csv)
20.0,คลองสามวา,สวนสามวาพระยาสุเรนทร์,1600.0,new_build,1.0,2024.0,data.bangkok.go.th (สวน 15 นาที / env_park15_min.csv)
21.0,คลองสามวา,สวน 15 นาที บึงแบนตาโพ,15780.0,renovation,5.0,2024.0,data.bangkok.go.th (สวน 15 นาที / env_park15_min.csv)
22.0,คลองสามวา,สวน 15 นาที สามวาไมตรีจิต,3784.0,new_build,9.0,2024.0,data.bangkok.go.th (สวน 15 นาที / env_park15_min.csv)
23.0,คันนายาว,สวนสุขใจ,6221.9,new_build,6.0,2022.0,data.bangkok.go.th (สวน 15 นาที / env_park15_min.csv)
24.0,คันนายาว,สวนน้ำคันนายาวภิรมณ์ ซอยเสรีไทย 38 แยก 14 ถึงใต้ทางด่วนยกระดับบางนา-บางปะอิน,2810.0,new_build,6.0,2023.0,data.bangkok.go.th (สวน 15 นาที / env_park15_min.csv)
25.0,คันนายาว,สวนน้ำคันนายาวภิรมณ์ ซอยเสรีไทย 38 ใต้ทางด่วนยกระดับบางนา-บางปะอิน สวนป่าโซน 3,2265.0,new_build,6.0,2024.0,data.bangkok.go.th (สวน 15 นาที / env_park15_min.csv)
26.0,คันนายาว,สวนน้ำคันนายาวภิรมณ์ ซอยเสรีไทย 38 ใต้ทางด่วนยกระดับบางนา-บางปะอิน สวนป่าโซน 2,1770.0,new_build,7.0,2024.0,data.bangkok.go.th (สวน 15 นาที / env_park15_min.csv)
27.0,คันนายาว,สวน 15 นาที @ สำนักงานเขตคันนายาว,416.0,new_build,11.0,2024.0,data.bangkok.go.th (สวน 15 นาที / env_park15_min.csv)
28.0,จตุจักร,สวนใต้สะพานรัชวิภา,96.0,new_build,1.0,2024.0,data.bangkok.go.th (สวน 15 นาที / env_park15_min.csv)
29.0,จตุจักร,สวนชุมชนเคหะเรือนแถว,150.0,new_build,4.0,2024.0,data.bangkok.go.th (สวน 15 นาที / env_park15_min.csv)
30.0,จตุจักร,สวนชุมชนประชาร่วมใจ 2,200.0,new_build,6.0,2024.0,data.bangkok.go.th (สวน 15 นาที / env_park15_min.csv)
31.0,จตุจักร,สวนวัดเสมียนนารี,330.0,new_build,11.0,2024.0,data.bangkok.go.th (สวน 15 นาที / env_park15_min.csv)
32.0,จตุจักร,สวนใต้สะพานงามวงศ์วาน,248.0,new_build,11.0,2024.0,data.bangkok.go.th (สวน 15 นาที / env_park15_min.csv)
33.0,จตุจักร,สวนหน้าสำนักงานเขตจตุจักร,908.0,new_build,6.0,2025.0,data.bangkok.go.th (สวน 15 นาที / env_park15_min.csv)
34.0,จอมทอง,สวนชานบ้านดาวคะนอง-จอมทอง,348.0,renovation,10.0,2022.0,data.bangkok.go.th (สวน 15 นาที / env_park15_min.csv)
35.0,จอมทอง,สวนสุขภาพบริเวณรอบสำนักงานเขตจอมทอง,1600.0,renovation,3.0,2024.0,data.bangkok.go.th (สวน 15 นาที / env_park15_min.csv)
36.0,จอมทอง,สวนหย่อมดาวคะนอง,348.0,renovation,5.0,2024.0,data.bangkok.go.th (สวน 15 นาที / env_park15_min.csv)
37.0,จอมทอง,สวนหย่อมชายน้ำตำหนักพระเจ้าเสือ,400.0,renovation,7.0,2024.0,data.bangkok.go.th (สวน 15 นาที / env_park15_min.csv)
38.0,ดอนเมือง,สวนหย่อมหน้ากองบังคับการตำรวจนครบาล 2 ถนนเชิดวุฒากาศพื้นที่ช่วงหน้าสถานีตำรวจนครบาลดอนเมืองถึงสะพานข้ามคูนายกิมสาย 1,2400.0,new_build,9.0,2023.0,data.bangkok.go.th (สวน 15 นาที / env_park15_min.csv)
39.0,ดอนเมือง,สวนหย่อมหน้าบริษัทการท่าอากาศยานดอนเมือง ถนนเชิดวุฒากาศพื้นที่ช่วงหน้าสถานีบริการน้ำมัน ปตท.ถึงสะพานลอยคนเดินข้ามหน้าบริษัทการท่าอากาศยานดอนเมือง,8500.0,new_build,9.0,2023.0,data.bangkok.go.th (สวน 15 นาที / env_park15_min.csv)
40.0,ดอนเมือง,สวนภายในศูนย์สาธารณสุข 60 รสสุสคธ์ มโนชญากร,800.0,new_build,6.0,2024.0,data.bangkok.go.th (สวน 15 นาที / env_park15_min.csv)
41.0,ดอนเมือง,สวนหย่อมบริเวณประตู 1 สนามบินดอนเมืองหน้าบริษัทการท่าอากาศยาน ดอนเมือง,500.0,new_build,7.0,2024.0,data.bangkok.go.th (สวน 15 นาที / env_park15_min.csv)
42.0,ดอนเมือง,ศูนย์การเรียนรู้เกษตรอินทรีย์วิถีคน(ดอน)เมือง,7004.0,new_build,9.0,2024.0,data.bangkok.go.th (สวน 15 นาที / env_park15_min.csv)
43.0,ดินแดง,สวนหย่อมดับเพลิงสุทธิสาร,2400.0,new_build,,,data.bangkok.go.th (สวน 15 นาที / env_park15_min.csv)
44.0,ดินแดง,สวนหย่อมริมคลองห้วยขวาง,380.0,renovation,,,data.bangkok.go.th (สวน 15 นาที / env_park15_min.csv)
45.0,ดินแดง,สวน 15 นาที คลองสามเสน,200.0,renovation,,,data.bangkok.go.th (สวน 15 นาที / env_park15_min.csv)
46.0,ดินแดง,สวน 15 นาที @ ดินแดง,100.0,renovation,,,data.bangkok.go.th (สวน 15 นาที / env_park15_min.csv)
47.0,ดินแดง,สวน 15 นาที เคหะสร้างสุข,126.8,renovation,,,data.bangkok.go.th (สวน 15 นาที / env_park15_min.csv)
48.0,ดินแดง,สวน 15 นาที โรงเรียนวิชูทิศ,468.0,new_build,,,data.bangkok.go.th (สวน 15 นาที / env_park15_min.csv)
49.0,ดินแดง,สวน 15 นาที โรงเรียนวิชากร,264.0,new_build,,,data.bangkok.go.th (สวน 15 นาที / env_park15_min.csv)
50.0,ดินแดง,สวน 15 นาที อโศกร่มรื่น,100.0,new_build,,,data.bangkok.go.th (สวน 15 นาที / env_park15_min.csv)
51.0,ดุสิต,สวนหน้าคณะแพทยศาสตร์วชิรพยาบาลฯ1,1600.0,new_build,10.0,2022.0,data.bangkok.go.th (สวน 15 นาที / env_park15_min.csv)
52.0,ดุสิต,สวนสามสัก,200.0,renovation,7.0,2024.0,data.bangkok.go.th (สวน 15 นาที / env_park15_min.csv)
53.0,ดุสิต,สวนมูลนิธิรัฐบุรุษ พลเอกเปรม ติณสูลานนท์,470.0,renovation,9.0,2024.0,data.bangkok.go.th (สวน 15 นาที / env_park15_min.csv)
54.0,ดุสิต,สวนเขียวไข่กา,800.0,new_build,9.0,2024.0,data.bangkok.go.th (สวน 15 นาที / env_park15_min.csv)
55.0,ตลิ่งชัน,สวนหย่อมสี่มุมถนนบรมราชชนนี,1228.0,renovation,1.0,2022.0,data.bangkok.go.th (สวน 15 นาที / env_park15_min.csv)
56.0,ตลิ่งชัน,สวนมณฑลภิรมย์ ถนนพุทธมณฑลสาย 1,1132.0,renovation,5.0,2022.0,data.bangkok.go.th (สวน 15 นาที / env_park15_min.csv)
57.0,ตลิ่งชัน,สวนถนนบริเวณใต้สะพานถนนพุทธมณฑล ข้ามถนนบรมราชชนนี,4340.0,renovation,7.0,2022.0,data.bangkok.go.th (สวน 15 นาที / env_park15_min.csv)
58.0,ตลิ่งชัน,สวนถนนราชพฤกษ์ บริเวณจุดกลับรถ (ช่วงคลองขุนจันทร์) ตัดถนนเลียบทางรถไฟ,4186.0,new_build,5.0,2023.0,data.bangkok.go.th (สวน 15 นาที / env_park15_min.csv)
59.0,ตลิ่งชัน,สวนศาลารวมใจ,318.9,renovation,10.0,2023.0,data.bangkok.go.th (สวน 15 นาที / env_park15_min.csv)
60.0,ตลิ่งชัน,สวนหย่อมเชิงสะพานข้ามคลองบางขุนศรี ถนนพรานนก - พุทธมณฑล,6228.0,new_build,1.0,2024.0,data.bangkok.go.th (สวน 15 นาที / env_park15_min.csv)
61.0,ตลิ่งชัน,สวนถนนพรานนกพุทธมณฑล ทางออกถนนกาญจนาภิเษก,2179.4,new_build,5.0,2024.0,data.bangkok.go.th (สวน 15 นาที / env_park15_min.csv)
62.0,ตลิ่งชัน,สวนบริเวณหลังป้ายสำนักงานเขต,620.0,renovation,5.0,2024.0,data.bangkok.go.th (สวน 15 นาที / env_park15_min.csv)
63.0,ตลิ่งชัน,ที่วางบริเวณถนนพรานนก - พุทธมณฑล บริเวณตัดถนนพุทธมณฑลสาย 1 (สวนน้ำตลิ่งชัน),30400.0,renovation,9.0,2024.0,data.bangkok.go.th (สวน 15 นาที / env_park15_min.csv)
64.0,ทวีวัฒนา,สวนร่มเกล้าชาวทาง,17600.0,new_build,7.0,2023.0,data.bangkok.go.th (สวน 15 นาที / env_park15_min.csv)
65.0,ทวีวัฒนา,สวนเฉลิมพระเกียรติสมเด็จย่า,49600.0,new_build,11.0,2023.0,data.bangkok.go.th (สวน 15 นาที / env_park15_min.csv)
66.0,ทวีวัฒนา,สวน 15 นาที วัดอุดมธรรมวิมุตติ,3200.0,new_build,11.0,2023.0,data.bangkok.go.th (สวน 15 นาที / env_park15_min.csv)
67.0,ทวีวัฒนา,สวนทวีรักษ์,8796.0,new_build,6.0,2024.0,data.bangkok.go.th (สวน 15 นาที / env_park15_min.csv)
68.0,ทวีวัฒนา,สวน 15 นาที ชุมชนหลังสถานีรถไฟศาลาธรรมสพน์,334.8,new_build,8.0,2024.0,data.bangkok.go.th (สวน 15 นาที / env_park15_min.csv)
69.0,ทุ่งครุ,สวนหย่อมหมู่บ้านนริศา ถนนเลียบทางด่วนวงแหวนรอบนอกด้านใต้,2000.0,renovation,9.0,2023.0,data.bangkok.go.th (สวน 15 นาที / env_park15_min.csv)
70.0,ทุ่งครุ,สวนหย่อมประชาอุทิศ 54แยก 6,920.0,renovation,9.0,2023.0,data.bangkok.go.th (สวน 15 นาที / env_park15_min.csv)
71.0,ทุ่งครุ,สวนหย่อมหมู่บ้านวิเศษสุขนครโครงการ 18,6280.0,renovation,9.0,2023.0,data.bangkok.go.th (สวน 15 นาที / env_park15_min.csv)
72.0,ทุ่งครุ,สวนหย่อมวิเศษสุขนคร,4276.0,renovation,6.0,2024.0,data.bangkok.go.th (สวน 15 นาที / env_park15_min.csv)
73.0,ทุ่งครุ,สวนหย่อมลานนกเขาซอยประชาอุทิศ 79,820.0,renovation,9.0,2024.0,data.bangkok.go.th (สวน 15 นาที / env_park15_min.csv)
74.0,ทุ่งครุ,สวนหย่อมข้างคลองแจงร้อน(สวนธนเฟส3),1176.0,renovation,9.0,2024.0,data.bangkok.go.th (สวน 15 นาที / env_park15_min.csv)
75.0,ธนบุรี,สวนในสำนักงานเขตธนบุรี,400.0,renovation,1.0,2024.0,data.bangkok.go.th (สวน 15 นาที / env_park15_min.csv)
76.0,ธนบุรี,สวนข้างสถานีรถไฟวุฒากาศ (สวนลานเพลิน),2400.0,renovation,6.0,2024.0,data.bangkok.go.th (สวน 15 นาที / env_park15_min.csv)
77.0,ธนบุรี,ที่ว่างใต้สะพานข้ามแยกตากสิน-สาทร เฟส 1 (สวนร่วมแรง),1600.0,new_build,9.0,2024.0,data.bangkok.go.th (สวน 15 นาที / env_park15_min.csv)
78.0,ธนบุรี,ที่ว่างใต้สะพานข้ามแยกตากสิน-สาทร เฟส 2 (สวนร่วมใจ),2400.0,new_build,9.0,2024.0,data.bangkok.go.th (สวน 15 นาที / env_park15_min.csv)
79.0,ธนบุรี,สวน 12 สิงหามหาราชนี,2000.0,new_build,1.0,2025.0,data.bangkok.go.th (สวน 15 นาที / env_park15_min.csv)
80.0,บางกอกน้อย,สวนยูเทิร์นเพลินใจ ริมคลองบางขุนศรี,88.0,new_build,10.0,2023.0,data.bangkok.go.th (สวน 15 นาที / env_park15_min.csv)
81.0,บางกอกน้อย,สวน 15 นาที ถนนอรุณอมรินทร์ (ตรงข้ามศาลาต้นจันทน์),94.0,new_build,7.0,2023.0,data.bangkok.go.th (สวน 15 นาที / env_park15_min.csv)
82.0,บางกอกน้อย,สวนวัดรวกสุทธาราม,269.1,new_build,4.0,2024.0,data.bangkok.go.th (สวน 15 นาที / env_park15_min.csv)
83.0,บางกอกใหญ่,สวนกลิ่นพิกุล  สวน 15 นาที,1600.0,new_build,1.0,1964.0,data.bangkok.go.th (สวน 15 นาที / env_park15_min.csv)
84.0,บางกอกใหญ่,สวนอิสรภาพ  (ตรงข้ามวัดใหม่พิเรนทร์),28.0,renovation,1.0,1964.0,data.bangkok.go.th (สวน 15 นาที / env_park15_min.csv)
85.0,บางกอกใหญ่,สวนรุ่งอรุณ สวน 15 นาที,184.0,renovation,4.0,2024.0,data.bangkok.go.th (สวน 15 นาที / env_park15_min.csv)
86.0,บางกอกใหญ่,สวนสยามบางกอกใหญ่,676.0,renovation,6.0,2024.0,data.bangkok.go.th (สวน 15 นาที / env_park15_min.csv)
87.0,บางกอกใหญ่,สวนริมคลองบางหลวงสวน 15 นาที,400.0,renovation,8.0,2024.0,data.bangkok.go.th (สวน 15 นาที / env_park15_min.csv)
88.0,บางกอกใหญ่,สวนศรีบวรวัดดีดวด,400.0,new_build,12.0,1981.0,data.bangkok.go.th (สวน 15 นาที / env_park15_min.csv)
89.0,บางกอกใหญ่,สวนเพชรเกษม,120.0,new_build,12.0,1981.0,data.bangkok.go.th (สวน 15 นาที / env_park15_min.csv)
90.0,บางกอกใหญ่,สวนศูนย์นันทนาการบางกอกใหญ่,228.0,new_build,1.0,1982.0,data.bangkok.go.th (สวน 15 นาที / env_park15_min.csv)
91.0,บางกะปิ,แปลงสามเหลี่ยม (หน้าร้านสเต๊กสินธร),1592.0,new_build,11.0,2022.0,data.bangkok.go.th (สวน 15 นาที / env_park15_min.csv)
92.0,บางกะปิ,สวนหย่อมโพธิ์แก้ว 2,780.0,new_build,3.0,2023.0,data.bangkok.go.th (สวน 15 นาที / env_park15_min.csv)
93.0,บางกะปิ,สวนหย่อมหมู่บ้านสินธร,1628.0,new_build,6.0,2024.0,data.bangkok.go.th (สวน 15 นาที / env_park15_min.csv)
94.0,บางกะปิ,สวนริมทาง@บางกะปิ,240.0,new_build,9.0,2024.0,data.bangkok.go.th (สวน 15 นาที / env_park15_min.csv)
95.0,บางขุนเทียน,สวนสมเด็จย่า บางขุนเทียน,8000.0,renovation,1.0,2022.0,data.bangkok.go.th (สวน 15 นาที / env_park15_min.csv)
96.0,บางขุนเทียน,สวน 15 นาที ชุมชนการเคหะธนบุรีโครงการ 1 ส่วน 4,600.0,new_build,11.0,2022.0,data.bangkok.go.th (สวน 15 นาที / env_park15_min.csv)
97.0,บางขุนเทียน,"สวนเด็ก""15 นาที""ชุมชนเคหะธนบุรีโครงการ 1 ส่วน 4 (ส่วนขยาย)",600.0,new_build,8.0,2023.0,data.bangkok.go.th (สวน 15 นาที / env_park15_min.csv)
98.0,บางขุนเทียน,สวนทะเล 15 นาที ป่าชายเลนบางขุนเทียน,61.1,new_build,2.0,2024.0,data.bangkok.go.th (สวน 15 นาที / env_park15_min.csv)
99.0,บางขุนเทียน,สวนเกษตรอินทรีย์ 15 นาที,16000.0,renovation,4.0,2024.0,data.bangkok.go.th (สวน 15 นาที / env_park15_min.csv)
100.0,บางเขน,สวนหย่อมปากซอยรามอินทรา 2,3676.0,new_build,6.0,2024.0,data.bangkok.go.th (สวน 15 นาที / env_park15_min.csv)
101.0,บางเขน,สวนหย่อมถนนเทพรักษ์ บริเวณหน้าหมูบ้านศุภาลัย เอแลแกรนซ์,1200.0,new_build,,,data.bangkok.go.th (สวน 15 นาที / env_park15_min.csv)
102.0,บางเขน,สวนหย่อมหน้าพุทธวิชชาลัย ถนนพหลโยธิน,5600.0,new_build,,,data.bangkok.go.th (สวน 15 นาที / env_park15_min.csv)
103.0,บางเขน,สวนปากซอยพหลโยธิน 55/1 (หน้าบริษัท มายัง),4800.0,new_build,,,data.bangkok.go.th (สวน 15 นาที / env_park15_min.csv)
104.0,บางเขน,สวนหน้าหมู่บ้านหลุยแกรนซ์เพลส,400.0,new_build,,,data.bangkok.go.th (สวน 15 นาที / env_park15_min.csv)
105.0,บางเขน,สวนรักษ์บางเขน (สวน15 นาที) บริเวณการไฟฟ้านครหลวงเขตบางเขน,212.0,new_build,,,data.bangkok.go.th (สวน 15 นาที / env_park15_min.csv)
106.0,บางเขน,สวนหย่อมหนองพุดซ้อน,1600.0,new_build,,,data.bangkok.go.th (สวน 15 นาที / env_park15_min.csv)
107.0,บางเขน,ข้างสถานีรถไฟฟ้า สายสีชมพู ถนนรามอินทรา,400.0,new_build,,,data.bangkok.go.th (สวน 15 นาที / env_park15_min.csv)
108.0,บางเขน,สวนหย่อมวงเวียนบางเขน,1200.0,new_build,,,data.bangkok.go.th (สวน 15 นาที / env_park15_min.csv)
109.0,บางคอแหลม,สวนหย่อมแท่นศิลาฤกษ์,1000.0,renovation,9.0,2023.0,data.bangkok.go.th (สวน 15 นาที / env_park15_min.csv)
110.0,บางคอแหลม,สวนตลาดริมคลองเจริญกรุง 103,118.3,new_build,11.0,2023.0,data.bangkok.go.th (สวน 15 นาที / env_park15_min.csv)
111.0,บางคอแหลม,สวนสุสานโปรเตสแตนท์,73.0,new_build,,,data.bangkok.go.th (สวน 15 นาที / env_park15_min.csv)
112.0,บางคอแหลม,สวนหย่อมใต้สะพานพระราม 3,5556.0,new_build,8.0,2024.0,data.bangkok.go.th (สวน 15 นาที / env_park15_min.csv)
113.0,บางคอแหลม,สวนไทรภิรมย์,371.6,new_build,,,data.bangkok.go.th (สวน 15 นาที / env_park15_min.csv)
114.0,บางแค,โรงเรียนสวนต้นไม้,6400.0,new_build,8.0,2023.0,data.bangkok.go.th (สวน 15 นาที / env_park15_min.csv)
115.0,บางแค,สวน 15 นาที เศรษฐกิจ 39,200.0,new_build,2.0,2024.0,data.bangkok.go.th (สวน 15 นาที / env_park15_min.csv)
116.0,บางแค,สวน 15 นาที วัดบุณยประดิษฐ์,400.0,renovation,8.0,2024.0,data.bangkok.go.th (สวน 15 นาที / env_park15_min.csv)
117.0,บางแค,สวน 15 นาที คลองควาย,2256.0,new_build,8.0,2024.0,data.bangkok.go.th (สวน 15 นาที / env_park15_min.csv)
118.0,บางซื่อ,สวนหย่อมประชานุกูล,3200.0,renovation,1.0,1964.0,data.bangkok.go.th (สวน 15 นาที / env_park15_min.csv)
119.0,บางซื่อ,สวนสาธารณะใต้ทางด่วน ซอยประชาชื่น 30,628.0,new_build,1.0,1964.0,data.bangkok.go.th (สวน 15 นาที / env_park15_min.csv)
120.0,บางซื่อ,สวนลานปฏิบัติธรรม สุวรรณ์ สุทธารรมย์,8000.0,new_build,1.0,1964.0,data.bangkok.go.th (สวน 15 นาที / env_park15_min.csv)
121.0,บางซื่อ,สวน 15 นาที (ศิริชัยไก่ย่าง),2684.0,new_build,1.0,1964.0,data.bangkok.go.th (สวน 15 นาที / env_park15_min.csv)
122.0,บางซื่อ,สวน 15 นาที (นิตยาไก่ย่าง),1128.0,new_build,1.0,1964.0,data.bangkok.go.th (สวน 15 นาที / env_park15_min.csv)
123.0,บางซื่อ,สวน 15 นาที (ประชาชื่น 19),608.0,new_build,,,data.bangkok.go.th (สวน 15 นาที / env_park15_min.csv)
124.0,บางนา,สวนหย่อมริมคลองเคล็ด,440.0,new_build,11.0,2023.0,data.bangkok.go.th (สวน 15 นาที / env_park15_min.csv)
125.0,บางนา,สวนเด็ก 15 นาที ศูนย์สาธารณสุข 8,500.0,new_build,12.0,2023.0,data.bangkok.go.th (สวน 15 นาที / env_park15_min.csv)
126.0,บางนา,สวนหย่อมโครงการดาดฟ้าลาซาล,640.0,new_build,3.0,2024.0,data.bangkok.go.th (สวน 15 นาที / env_park15_min.csv)
127.0,บางนา,สวน 15 นาที วันอุดมสุข,128.0,new_build,9.0,2024.0,data.bangkok.go.th (สวน 15 นาที / env_park15_min.csv)
128.0,บางนา,ศูนย์การค้าลาซาล อเวนิว,245.0,new_build,1.0,2025.0,data.bangkok.go.th (สวน 15 นาที / env_park15_min.csv)
129.0,บางนา,อาคารสำนักงาน เอไอเอ อีสต์ เกตเวย์,800.0,new_build,12.0,2024.0,data.bangkok.go.th (สวน 15 นาที / env_park15_min.csv)
130.0,บางบอน,สวนบางบอนสุขใจ,2420.0,new_build,1.0,2023.0,data.bangkok.go.th (สวน 15 นาที / env_park15_min.csv)
131.0,บางบอน,สวนสุขภาพเฉลิมพระเกียรติ 72 พรรษา 5 ธันวาคม 2542,427.2,renovation,3.0,2024.0,data.bangkok.go.th (สวน 15 นาที / env_park15_min.csv)
132.0,บางบอน,สวนหย่อมฝั่งขาเข้าถนนเอกชัย (หูช้าง 3),452.0,renovation,5.0,2024.0,data.bangkok.go.th (สวน 15 นาที / env_park15_min.csv)
133.0,บางพลัด,สวนบ่อบัว ที่กลับรถต่างระดับสิรินธร (บ่อปลาคราฟ),1212.0,renovation,4.0,2023.0,data.bangkok.go.th (สวน 15 นาที / env_park15_min.csv)
134.0,บางพลัด,สวนหย่อมเอกชน ติด รพ.หู ตา คอ จมูก,1240.0,renovation,4.0,2023.0,data.bangkok.go.th (สวน 15 นาที / env_park15_min.csv)
135.0,บางพลัด,สวนเฉลิมพระเกิยรติ 48 พรรษา วัดอาวุธวิกสิตาราม,2080.0,renovation,7.0,2024.0,data.bangkok.go.th (สวน 15 นาที / env_park15_min.csv)
136.0,บางพลัด,สวนวิถี - สิรินธร,496.0,renovation,1.0,1982.0,data.bangkok.go.th (สวน 15 นาที / env_park15_min.csv)
137.0,บางรัก,สวนวัดหัวลำโพงรุกขนิเวศน์,0.0,renovation,1.0,1964.0,data.bangkok.go.th (สวน 15 นาที / env_park15_min.csv)
138.0,บางรัก,สวนหย่อมพิพิธภัณฑ์ชาวบางกอก (เขตบางรัก),400.0,new_build,1.0,1964.0,data.bangkok.go.th (สวน 15 นาที / env_park15_min.csv)
139.0,บางรัก,สวนรักษ์ภิรมย์ ซอยสีลม 23 (ซอยวิจารณ์) ใต้ทางด่วนพิเศษศรีรัช ตรงข้ามโรงพยาบาลเลิดสิน,0.0,renovation,9.0,2024.0,data.bangkok.go.th (สวน 15 นาที / env_park15_min.csv)
140.0,บางรัก,สวนพบรัก,0.0,renovation,9.0,2024.0,data.bangkok.go.th (สวน 15 นาที / env_park15_min.csv)
141.0,บึงกุ่ม,สวน 15 นาที หมู่บ้านเสริมมิตร ซอยนวมินทร์ 68 แยก 8-5-1,316.0,new_build,1.0,1964.0,data.bangkok.go.th (สวน 15 นาที / env_park15_min.csv)
142.0,บึงกุ่ม,สวน 15 นาที ศูนย์การเรียนรู้การจัดการมูลฝอยและสิ่งแวดล้อม,9600.0,new_build,1.0,1964.0,data.bangkok.go.th (สวน 15 นาที / env_park15_min.csv)
143.0,บึงกุ่ม,อุทยานบัวบึงกุ่ม,0.0,renovation,11.0,2023.0,data.bangkok.go.th (สวน 15 นาที / env_park15_min.csv)
144.0,บึงกุ่ม,โรงเรียนวัดนวลจันทร์,0.0,renovation,1.0,2024.0,data.bangkok.go.th (สวน 15 นาที / env_park15_min.csv)
145.0,บึงกุ่ม,นาริสา - ทวีสุข,0.0,renovation,2.0,2024.0,data.bangkok.go.th (สวน 15 นาที / env_park15_min.csv)
146.0,บึงกุ่ม,นวมินทร์ 53 (นิตยาไก่ย่าง),0.0,renovation,6.0,2024.0,data.bangkok.go.th (สวน 15 นาที / env_park15_min.csv)
147.0,ปทุมวัน,สวน 15 นาที สะพานชิดลม,800.0,new_build,9.0,2023.0,data.bangkok.go.th (สวน 15 นาที / env_park15_min.csv)
148.0,ปทุมวัน,สวน 15 นาที MBK Center (แยกปทุมวัน ฝั่ง MBK),96.2,new_build,6.0,2024.0,data.bangkok.go.th (สวน 15 นาที / env_park15_min.csv)
149.0,ปทุมวัน,สวน One Bangkok Zone A,32000.0,new_build,8.0,2024.0,data.bangkok.go.th (สวน 15 นาที / env_park15_min.csv)
150.0,ปทุมวัน,สวน One Bangkok Zone E,32000.0,new_build,8.0,2024.0,data.bangkok.go.th (สวน 15 นาที / env_park15_min.csv)
151.0,ปทุมวัน,สวนสามย่าน,519.3,renovation,9.0,2024.0,data.bangkok.go.th (สวน 15 นาที / env_park15_min.csv)
152.0,ปทุมวัน,สวน 15 นาที ซอยสมคิด,65.6,renovation,9.0,2024.0,data.bangkok.go.th (สวน 15 นาที / env_park15_min.csv)
153.0,ปทุมวัน,Pathumwan Pocket Park (แยกปทุมวัน ฝั่งสยามสแควร์),426.6,renovation,9.0,2024.0,data.bangkok.go.th (สวน 15 นาที / env_park15_min.csv)
154.0,ปทุมวัน,สวนอาคารสามย่านมิตรทาวน์,7000.0,new_build,9.0,2019.0,data.bangkok.go.th (สวน 15 นาที / env_park15_min.csv)
155.0,ประเวศ,สวนบารเมศฐ์,8000.0,new_build,1.0,1964.0,data.bangkok.go.th (สวน 15 นาที / env_park15_min.csv)
156.0,ประเวศ,สวนเฉลิมพัฒน์,4800.0,new_build,1.0,1964.0,data.bangkok.go.th (สวน 15 นาที / env_park15_min.csv)
157.0,ประเวศ,สวนคลองปักหลัก,6400.0,new_build,1.0,1964.0,data.bangkok.go.th (สวน 15 นาที / env_park15_min.csv)
158.0,ประเวศ,สวนคลองปักหลัก 2,4800.0,new_build,1.0,2024.0,data.bangkok.go.th (สวน 15 นาที / env_park15_min.csv)
159.0,ประเวศ,สวนกาญจนาภิเษก – มิตแลนด์ ถนนคู่ขนานกาญจนา ฝั่งขาออก,1600.0,new_build,5.0,2024.0,data.bangkok.go.th (สวน 15 นาที / env_park15_min.csv)
160.0,ประเวศ,สวนริมถนนคู่ขนานกาญจนาภิเษกฝั่งขาออก บริเวณหน้าร้านอาหาร Lakehouse,2400.0,new_build,8.0,2024.0,data.bangkok.go.th (สวน 15 นาที / env_park15_min.csv)
161.0,ป้อมปราบศัตรูพ่าย,สวมหย่อมวงเวียน 22 กรกฎา,2400.0,renovation,9.0,2023.0,data.bangkok.go.th (สวน 15 นาที / env_park15_min.csv)
162.0,ป้อมปราบศัตรูพ่าย,สวนริมคลองผดุงเกษม (แยกมัฆวาน-แยกเทวกรรม),2400.0,renovation,1.0,2024.0,data.bangkok.go.th (สวน 15 นาที / env_park15_min.csv)
163.0,ป้อมปราบศัตรูพ่าย,สวนหย่อมจักรพรรดิพงษ์,36.0,renovation,4.0,2024.0,data.bangkok.go.th (สวน 15 นาที / env_park15_min.csv)
164.0,ป้อมปราบศัตรูพ่าย,สวนหย่อมและลานกีฬาศูนย์สวัสดิภาพเด็ก เยาวชน และสตรี,800.0,renovation,8.0,2024.0,data.bangkok.go.th (สวน 15 นาที / env_park15_min.csv)
165.0,พญาไท,สวนพญาไทภิรมย์,16000.0,renovation,4.0,2023.0,data.bangkok.go.th (สวน 15 นาที / env_park15_min.csv)
166.0,พญาไท,สวนอารีย์สัมพันธ์,14400.0,renovation,4.0,2023.0,data.bangkok.go.th (สวน 15 นาที / env_park15_min.csv)
167.0,พญาไท,สวนอินทามระ 14 @พญาไท,400.0,new_build,1.0,2024.0,data.bangkok.go.th (สวน 15 นาที / env_park15_min.csv)
168.0,พญาไท,สวนร่วมมิตร @พญาไท,940.0,new_build,5.0,2024.0,data.bangkok.go.th (สวน 15 นาที / env_park15_min.csv)
169.0,พญาไท,สวนซอยหม่อมแผ้ว @ เขตพญาไท,200.0,new_build,7.0,2024.0,data.bangkok.go.th (สวน 15 นาที / env_park15_min.csv)
170.0,พญาไท,สวนรณชัย 2 @ เขตพญาไท,200.0,renovation,11.0,2024.0,data.bangkok.go.th (สวน 15 นาที / env_park15_min.csv)
171.0,พระโขนง,สวนหย่อมซอยสุขุมวิท 62/3 ใกลักกับโรงแรมคอนวีเนียนพาร์ค,73.6,new_build,9.0,2022.0,data.bangkok.go.th (สวน 15 นาที / env_park15_min.csv)
172.0,พระโขนง,สวนหย่อมซอยวชิรธรรมสาธิต 27 (ชุมชนหมู่บ้านทับแก้ว),122.6,new_build,10.0,2022.0,data.bangkok.go.th (สวน 15 นาที / env_park15_min.csv)
173.0,พระโขนง,สวน 15 นาที ริมคลองบางนางจีน,120.0,new_build,11.0,2023.0,data.bangkok.go.th (สวน 15 นาที / env_park15_min.csv)
174.0,พระโขนง,สวน 15 นาที หมู่บ้านรุ่งเจริญ 1,336.0,new_build,1.0,2024.0,data.bangkok.go.th (สวน 15 นาที / env_park15_min.csv)
175.0,พระโขนง,สวน 15 นาที ซอยวชิรธรรมสาธิต 35,440.0,new_build,3.0,2024.0,data.bangkok.go.th (สวน 15 นาที / env_park15_min.csv)
176.0,พระโขนง,สวน 15 นาที บ้านต้นไม้ 95,144.0,new_build,2.0,2024.0,data.bangkok.go.th (สวน 15 นาที / env_park15_min.csv)
177.0,พระนคร,สวนคลองคูเมืองเดิม,2045.0,new_build,8.0,2023.0,data.bangkok.go.th (สวน 15 นาที / env_park15_min.csv)
178.0,พระนคร,Samsen Pocket Park,660.0,renovation,6.0,2024.0,data.bangkok.go.th (สวน 15 นาที / env_park15_min.csv)
179.0,พระนคร,สวนริมแม่น้ำเจ้าพระยา (หน้าธนาคารแห่งประเทศไทย),1140.0,new_build,8.0,2024.0,data.bangkok.go.th (สวน 15 นาที / env_park15_min.csv)
180.0,พระนคร,สวน 15 นาที (หน้าวัดตรีทศเทพ),992.0,new_build,9.0,2024.0,data.bangkok.go.th (สวน 15 นาที / env_park15_min.csv)
181.0,ภาษีเจริญ,สวนใต้สะพานกลับรถ,1200.0,new_build,1.0,2023.0,data.bangkok.go.th (สวน 15 นาที / env_park15_min.csv)
182.0,ภาษีเจริญ,สวน 15 นาที ถนนศาลธนบุรี เขตภาษีเจริญ,1920.0,new_build,4.0,2023.0,data.bangkok.go.th (สวน 15 นาที / env_park15_min.csv)
183.0,ภาษีเจริญ,สวนแห่งรอยยิ้มและพื้นที่สุขภาวะ,400.0,new_build,6.0,2023.0,data.bangkok.go.th (สวน 15 นาที / env_park15_min.csv)
184.0,ภาษีเจริญ,สวน 15 นาที วัดกำแพงบางแวก,560.0,new_build,12.0,2023.0,data.bangkok.go.th (สวน 15 นาที / env_park15_min.csv)
185.0,ภาษีเจริญ,สวน15นาที สวนวัดประดู่บางจาก,1200.0,new_build,8.0,2024.0,data.bangkok.go.th (สวน 15 นาที / env_park15_min.csv)
186.0,มีนบุรี,สวนมีนรมณีย์ (ภายในสำนักงานเขตมีนบุรี),600.0,renovation,10.0,2022.0,data.bangkok.go.th (สวน 15 นาที / env_park15_min.csv)
187.0,มีนบุรี,สวนเฉลิมพระเกียรติ ร.9,8000.0,renovation,10.0,2022.0,data.bangkok.go.th (สวน 15 นาที / env_park15_min.csv)
188.0,มีนบุรี,ธนาคารต้นไม้ (ถนนหม่อมเจ้าสง่างามสุประดิษฐ์),1200.0,new_build,7.0,2023.0,data.bangkok.go.th (สวน 15 นาที / env_park15_min.csv)
189.0,มีนบุรี,สวนมีนบุรีภิรมย์ (ริมคลองแสนแสบตั้งแต่หลังโรงเรียนสตีรเศรษฐบุตรถึงบกน.3),3200.0,renovation,10.0,2023.0,data.bangkok.go.th (สวน 15 นาที / env_park15_min.csv)
190.0,มีนบุรี,สวนสุดสายที่ปลายราม,2400.0,new_build,8.0,2024.0,data.bangkok.go.th (สวน 15 นาที / env_park15_min.csv)
191.0,มีนบุรี,สวนสามวาสาม,1200.0,new_build,9.0,2024.0,data.bangkok.go.th (สวน 15 นาที / env_park15_min.csv)
192.0,ยานนาวา,สวนหย่อมริมคลองสวน (บริเวณแยกอุตสาหกรรมตัดกับถนนพระรามที่ 3 ถนนวงแหวนอุตสาหกรรม แขวงช่องนนทรี),1837.0,new_build,7.0,2022.0,data.bangkok.go.th (สวน 15 นาที / env_park15_min.csv)
193.0,ยานนาวา,สวนคลองช่องนนทรี,1892.0,renovation,3.0,2022.0,data.bangkok.go.th (สวน 15 นาที / env_park15_min.csv)
194.0,ยานนาวา,สวนหย่อมข้างบริษัทกิมง้วน,117.4,renovation,5.0,2022.0,data.bangkok.go.th (สวน 15 นาที / env_park15_min.csv)
195.0,ยานนาวา,สวนสุขภาพ,689.6,renovation,8.0,2023.0,data.bangkok.go.th (สวน 15 นาที / env_park15_min.csv)
196.0,ยานนาวา,สวนริมถนนรัชดาภิเษก ฝั่งขาเข้า (ถนนรัชดาภิเษก ฝั่งขาเข้า บริเวณถนนรัชดาภิเษก ตั้งแต่แยกถนนนราธิวาสฯ ถึงแยกถนนนนทรี),994.0,new_build,2.0,1957.0,data.bangkok.go.th (สวน 15 นาที / env_park15_min.csv)
197.0,ยานนาวา,สวนริมถนนรัชดาภิเษก ฝั่งขาออก (ถนนรัชดาภิเษกฝั่งขาออก บริเวณถนนรัชดาภิเษก ตั้งแต่แยกถนนนราธิวาสฯ ถึงแยกถนนนางลิ้นจี่),3661.0,new_build,8.0,2023.0,data.bangkok.go.th (สวน 15 นาที / env_park15_min.csv)
198.0,ยานนาวา,สวนหย่อมหอนาฬิกา (หน้าหมู่บ้านรวยรุ่งเรือง),390.0,new_build,9.0,2023.0,data.bangkok.go.th (สวน 15 นาที / env_park15_min.csv)
199.0,ยานนาวา,สวนริมคลองมะนาว-รัชดาภิเษก ถนนรัชดาภิเษก,1421.0,new_build,7.0,2024.0,data.bangkok.go.th (สวน 15 นาที / env_park15_min.csv)
200.0,ยานนาวา,สวน 15 นาที สวนรัชดาภิเษก-นราธิวาส,1225.0,new_build,8.0,2024.0,data.bangkok.go.th (สวน 15 นาที / env_park15_min.csv)
201.0,ยานนาวา,สวนยานนาวา วัลย์บุปผา,400.0,new_build,9.0,2024.0,data.bangkok.go.th (สวน 15 นาที / env_park15_min.csv)
202.0,ยานนาวา,สวนยานนาวาประชาสวัสดิ์,2489.0,new_build,12.0,2024.0,data.bangkok.go.th (สวน 15 นาที / env_park15_min.csv)
203.0,ราชเทวี,สวน 15 นาที ชุมชนบ้านครัวเหนือ (ริมคลองแสนแสบ),80.0,new_build,2.0,2023.0,data.bangkok.go.th (สวน 15 นาที / env_park15_min.csv)
204.0,ราชเทวี,สวน 15 นาที ชุมชนซอยมั่นสิน,116.0,new_build,3.0,2023.0,data.bangkok.go.th (สวน 15 นาที / env_park15_min.csv)
205.0,ราชเทวี,สวน 15 นาที แยกมิตรสัมพันธ์,100.0,new_build,11.0,2023.0,data.bangkok.go.th (สวน 15 นาที / env_park15_min.csv)
206.0,ราชเทวี,สวน 15 นาที ใต้สะพานข้ามแยกประตูน้ำ,80.0,new_build,4.0,2024.0,data.bangkok.go.th (สวน 15 นาที / env_park15_min.csv)
207.0,ราชเทวี,สวน 15 นาที ด่านเก็บค่าผ่านทางพิเศษด่านอุรุพงษ์,544.0,new_build,8.0,2024.0,data.bangkok.go.th (สวน 15 นาที / env_park15_min.csv)
208.0,ราชเทวี,สวน 15 นาที @ PTT ถนนเพชรบุรี,28.0,new_build,9.0,2024.0,data.bangkok.go.th (สวน 15 นาที / env_park15_min.csv)
209.0,ราชเทวี,สวน 15 นาที วัดมะกอก,80.0,new_build,1.0,1957.0,data.bangkok.go.th (สวน 15 นาที / env_park15_min.csv)
210.0,ราชเทวี,สวน 15 นาที ลานทุกช่วงวัย (หน้า สนข.ราชเทวี),1432.0,new_build,1.0,1957.0,data.bangkok.go.th (สวน 15 นาที / env_park15_min.csv)
211.0,ราษฎร์บูรณะ,ลานเอนกประสงค์ สวนสุขเวชชวนารมย์,4492.0,new_build,7.0,2023.0,data.bangkok.go.th (สวน 15 นาที / env_park15_min.csv)
212.0,ราษฎร์บูรณะ,สวนวัดแจงร้อน,1600.0,new_build,1.0,2024.0,data.bangkok.go.th (สวน 15 นาที / env_park15_min.csv)
213.0,ราษฎร์บูรณะ,สวนซอยราษฎร์บูรณะ 1,2328.0,renovation,5.0,2024.0,data.bangkok.go.th (สวน 15 นาที / env_park15_min.csv)
214.0,ราษฎร์บูรณะ,สวนหน้าคอนโดแชปเตอร์วัน,4536.8,new_build,8.0,2024.0,data.bangkok.go.th (สวน 15 นาที / env_park15_min.csv)
215.0,ลาดกระบัง,สวนทุ่งทองอุไร ถนนเจ้าคุณทหาร,2862.2,new_build,2.0,2023.0,data.bangkok.go.th (สวน 15 นาที / env_park15_min.csv)
216.0,ลาดกระบัง,สวนจุดพักรถลาดกระบัง,2960.0,new_build,3.0,2023.0,data.bangkok.go.th (สวน 15 นาที / env_park15_min.csv)
217.0,ลาดกระบัง,สวนริมถนนลาดกระบัง หน้าร้านป้าแก้ว,20.0,new_build,3.0,2023.0,data.bangkok.go.th (สวน 15 นาที / env_park15_min.csv)
218.0,ลาดกระบัง,สวนหย่อมหน้าร้านกาแฟอินทนิลในปั๊มบางจาก,380.0,new_build,3.0,2023.0,data.bangkok.go.th (สวน 15 นาที / env_park15_min.csv)
219.0,ลาดกระบัง,บริเวณริมทาง ถนนทางเข้าสนามบินสุวรรณภูมิ 4 ระยะทาง 700 เมตร,4000.0,new_build,8.0,2023.0,data.bangkok.go.th (สวน 15 นาที / env_park15_min.csv)
220.0,ลาดกระบัง,สวน 15 นาที บริเวณใต้ทางด่วนมอเตอร์เวย์ ถนนหลวงแพ่ง,945.0,new_build,8.0,2023.0,data.bangkok.go.th (สวน 15 นาที / env_park15_min.csv)
221.0,ลาดกระบัง,สวน 15 นาที พระจอมเกล้า,1200.0,new_build,12.0,2023.0,data.bangkok.go.th (สวน 15 นาที / env_park15_min.csv)
222.0,ลาดกระบัง,สวน 15 นาที บริเวณร้านอาหาร Jamaica Park ถนนชนบท 3,5096.0,new_build,12.0,2023.0,data.bangkok.go.th (สวน 15 นาที / env_park15_min.csv)
223.0,ลาดกระบัง,สวน 15 นาที บริเวณข้างห้องฝ่ายรักษาความสะอาดถนนลาดกระบัง,800.0,new_build,12.0,2023.0,data.bangkok.go.th (สวน 15 นาที / env_park15_min.csv)
224.0,ลาดกระบัง,สวน 15 นาที หน้าสำนักงานเขตลาดกระบัง,559.0,new_build,3.0,2024.0,data.bangkok.go.th (สวน 15 นาที / env_park15_min.csv)
225.0,ลาดพร้าว,สวนสุคนธสวัสดิ์,716.0,new_build,3.0,2023.0,data.bangkok.go.th (สวน 15 นาที / env_park15_min.csv)
226.0,ลาดพร้าว,สวนผลาสินธุ์,720.0,renovation,8.0,2023.0,data.bangkok.go.th (สวน 15 นาที / env_park15_min.csv)
227.0,ลาดพร้าว,สวนปลาเค้าภิรมย์ ซอยลาดปลาเค้า ซอย 24,560.0,new_build,2.0,2024.0,data.bangkok.go.th (สวน 15 นาที / env_park15_min.csv)
228.0,ลาดพร้าว,สวนอยู่เย็นเป็นสุข,17328.0,new_build,3.0,2024.0,data.bangkok.go.th (สวน 15 นาที / env_park15_min.csv)
229.0,ลาดพร้าว,สวนเฟรนชิฟ ซอยประเสริฐมนูกิจ 29 แยก 2,123.1,renovation,8.0,2024.0,data.bangkok.go.th (สวน 15 นาที / env_park15_min.csv)
230.0,ลาดพร้าว,สวนลาดปลาเค้า ซอย 39,268.5,new_build,12.0,2024.0,data.bangkok.go.th (สวน 15 นาที / env_park15_min.csv)
231.0,ลาดพร้าว,สวนเฟรนชิฟ 2,146.9,new_build,2.0,2025.0,data.bangkok.go.th (สวน 15 นาที / env_park15_min.csv)
232.0,ลาดพร้าว,สวนเฟรนชิฟ 3,127.1,new_build,2.0,2025.0,data.bangkok.go.th (สวน 15 นาที / env_park15_min.csv)
233.0,ลาดพร้าว,สวนเฟรนชิฟ 4,127.1,new_build,2.0,2025.0,data.bangkok.go.th (สวน 15 นาที / env_park15_min.csv)
234.0,วังทองหลาง,สวนประติมากรรมภาวนาแห่งจันทร์,3636.0,new_build,,,data.bangkok.go.th (สวน 15 นาที / env_park15_min.csv)
235.0,วังทองหลาง,สวนธรรมวัดสามัคคีธรรม,1600.0,new_build,,,data.bangkok.go.th (สวน 15 นาที / env_park15_min.csv)
236.0,วังทองหลาง,สวนสมุนไพรลาดพร้าว 84,2800.0,new_build,,,data.bangkok.go.th (สวน 15 นาที / env_park15_min.csv)
237.0,วังทองหลาง,สวนซอยลาดพร้าว​ 64 แยก 6,324.0,new_build,1.0,2024.0,data.bangkok.go.th (สวน 15 นาที / env_park15_min.csv)
238.0,วังทองหลาง,สวนสภาวิศวกร,800.0,new_build,3.0,2024.0,data.bangkok.go.th (สวน 15 นาที / env_park15_min.csv)
239.0,วังทองหลาง,สวนริมคลองชุมชนคลองพลับพลา วังทองหลาง,964.0,new_build,9.0,2024.0,data.bangkok.go.th (สวน 15 นาที / env_park15_min.csv)
240.0,วัฒนา,สวน Vadhana Pocket Park ซอยทองหล่อ 10,100.0,new_build,1.0,1964.0,data.bangkok.go.th (สวน 15 นาที / env_park15_min.csv)
241.0,วัฒนา,สวน 39 Pocket Park ปลายซอยสุขุมวิท 39,200.0,new_build,1.0,1964.0,data.bangkok.go.th (สวน 15 นาที / env_park15_min.csv)
242.0,วัฒนา,สวนริมคลองเป้ง,1040.0,new_build,1.0,1964.0,data.bangkok.go.th (สวน 15 นาที / env_park15_min.csv)
243.0,วัฒนา,สวนหย่อมหลังสำนักงานเขตวัฒนา,40.0,new_build,1.0,1964.0,data.bangkok.go.th (สวน 15 นาที / env_park15_min.csv)
244.0,วัฒนา,สวนสามเก้า,364.0,new_build,1.0,2024.0,data.bangkok.go.th (สวน 15 นาที / env_park15_min.csv)
245.0,วัฒนา,สวนทองหล่อ 9,342.6,new_build,7.0,2024.0,data.bangkok.go.th (สวน 15 นาที / env_park15_min.csv)
246.0,วัฒนา,สวนพานิชย์อนันต์ แห่งที่ 2,1260.0,new_build,8.0,2024.0,data.bangkok.go.th (สวน 15 นาที / env_park15_min.csv)
247.0,สวนหลวง,สวนพัฒนาการไลค์ปาร์ค ซอยพัฒนาการ 25+,864.0,new_build,1.0,1964.0,data.bangkok.go.th (สวน 15 นาที / env_park15_min.csv)
248.0,สวนหลวง,สวนหย่อมในสถานีบริการน้ำมัน ปตท.อ่อนนุช 51 ถนนอ่อนนุช,400.0,new_build,1.0,1964.0,data.bangkok.go.th (สวน 15 นาที / env_park15_min.csv)
249.0,สวนหลวง,สวน 15 นาที @พระราม9 (ซอย 49),780.0,new_build,2.0,2024.0,data.bangkok.go.th (สวน 15 นาที / env_park15_min.csv)
250.0,สวนหลวง,สวน 15 นาที @เดอะไนน์เซ็นเตอร์ พระรามเก้า (ซอยพระรามเก้า 41),50.0,new_build,2.0,2024.0,data.bangkok.go.th (สวน 15 นาที / env_park15_min.csv)
251.0,สวนหลวง,สวนศรีพัฒน์ภิรมย์(แยกศรีพัฒน์),32.0,new_build,7.0,2024.0,data.bangkok.go.th (สวน 15 นาที / env_park15_min.csv)
252.0,สะพานสูง,สวนสุขภาพเคหะชุมชนหัวหมาก,11000.0,renovation,1.0,1964.0,data.bangkok.go.th (สวน 15 นาที / env_park15_min.csv)
253.0,สะพานสูง,สวนสุวรรณพฤกษ์,3650.0,renovation,1.0,1964.0,data.bangkok.go.th (สวน 15 นาที / env_park15_min.csv)
254.0,สะพานสูง,สวนชุมชนฮิดายะห์,180.0,new_build,1.0,2024.0,data.bangkok.go.th (สวน 15 นาที / env_park15_min.csv)
255.0,สะพานสูง,สวนวัดลาดบัวขาว (ราชโยธา),880.0,new_build,1.0,2024.0,data.bangkok.go.th (สวน 15 นาที / env_park15_min.csv)
256.0,สะพานสูง,สวนหย่อมซอยกรุงเทพกรีฑา 32,140.0,renovation,8.0,2024.0,data.bangkok.go.th (สวน 15 นาที / env_park15_min.csv)
257.0,สัมพันธวงศ์,สวนสมเด็จพระธีรญาณมุนี,940.0,renovation,10.0,2023.0,data.bangkok.go.th (สวน 15 นาที / env_park15_min.csv)
258.0,สัมพันธวงศ์,บริเวณชุมชนโปลิศสภา,425.0,renovation,6.0,2024.0,data.bangkok.go.th (สวน 15 นาที / env_park15_min.csv)
259.0,สัมพันธวงศ์,สวนหย่อมศาลเจ้าไทฮั้ว,450.0,renovation,6.0,2024.0,data.bangkok.go.th (สวน 15 นาที / env_park15_min.csv)
260.0,สัมพันธวงศ์,สวนหย่อมชุมชนโชฎึก,450.0,renovation,6.0,2024.0,data.bangkok.go.th (สวน 15 นาที / env_park15_min.csv)
261.0,สาทร,สวนหย่อมและลานกีฬาใต้ทางด่วน ซอยอยู่ดี,11536.0,renovation,1.0,2023.0,data.bangkok.go.th (สวน 15 นาที / env_park15_min.csv)
262.0,สาทร,สวนหย่อมเฉลิมพระเกียรติ 72 พรรษา,2568.0,renovation,1.0,2023.0,data.bangkok.go.th (สวน 15 นาที / env_park15_min.csv)
263.0,สาทร,สวน 15 นาทีหลังตลาดแสงจันทร์,2000.0,new_build,7.0,2023.0,data.bangkok.go.th (สวน 15 นาที / env_park15_min.csv)
264.0,สาทร,ศูนย์เรียนรู้เขตสาทร (โครงการโคกหนองนากลางกรุง),4000.0,new_build,,,data.bangkok.go.th (สวน 15 นาที / env_park15_min.csv)
265.0,สาทร,สวนหย่อมสี่แยกถนนเจริญราษฎร์ตัดกับถนนจันทน์ (Dog Park),2960.0,new_build,,,data.bangkok.go.th (สวน 15 นาที / env_park15_min.csv)
266.0,สาทร,ลานอเนกประสงค์ศูนย์การค้าวรรัตน์,924.0,new_build,,,data.bangkok.go.th (สวน 15 นาที / env_park15_min.csv)
267.0,สาทร,สวน 15 นาที ทางลงทางพิเศษสาทร,1980.0,new_build,,,data.bangkok.go.th (สวน 15 นาที / env_park15_min.csv)
268.0,สาทร,สวน 15 นาที เจริญสุขใจ,400.0,new_build,,,data.bangkok.go.th (สวน 15 นาที / env_park15_min.csv)
269.0,สาทร,สวนสุขใจ@บ้านแบบ,1952.0,new_build,,,data.bangkok.go.th (สวน 15 นาที / env_park15_min.csv)
270.0,สายไหม,สวนสายไหมชุมชนวัชรพล 3,4800.0,renovation,2.0,2023.0,data.bangkok.go.th (สวน 15 นาที / env_park15_min.csv)
271.0,สายไหม,สวนสายไหมวังอ้ายเป้ง,400.0,new_build,9.0,2023.0,data.bangkok.go.th (สวน 15 นาที / env_park15_min.csv)
272.0,สายไหม,สวนสายไหม-ทางหลวง,1558.0,new_build,5.0,2024.0,data.bangkok.go.th (สวน 15 นาที / env_park15_min.csv)
273.0,สายไหม,สวนสายไหม-เทพรักษ์ 1,400.0,renovation,6.0,2024.0,data.bangkok.go.th (สวน 15 นาที / env_park15_min.csv)
274.0,สายไหม,สวนสายไหม-จิตภาวรรณ 1 ร่วมใจ,800.0,new_build,7.0,2024.0,data.bangkok.go.th (สวน 15 นาที / env_park15_min.csv)
275.0,หนองแขม,สวนวัดวงษ์ลาภาราม,400.0,new_build,,,data.bangkok.go.th (สวน 15 นาที / env_park15_min.csv)
276.0,หนองแขม,สวนวัดทองเนียม,3752.0,new_build,,,data.bangkok.go.th (สวน 15 นาที / env_park15_min.csv)
277.0,หนองแขม,ถนนเลียบคลองภาษีเจริญฝั่งใต้ 5/2 (ซอยจันทร์จรัส),456.0,new_build,2.0,2023.0,data.bangkok.go.th (สวน 15 นาที / env_park15_min.csv)
278.0,หนองแขม,สวน 15 นาที ใต้สะพานข้ามคลองกำนันเทียน ถนนพุทธมณฑลสาย 3,3500.0,new_build,,,data.bangkok.go.th (สวน 15 นาที / env_park15_min.csv)
279.0,หนองแขม,สวนริมคลองหลังโรงเรียนประชาบำรุง,400.0,new_build,10.0,2023.0,data.bangkok.go.th (สวน 15 นาที / env_park15_min.csv)
280.0,หนองแขม,สวนถนนเพชรเกษม 79,450.0,new_build,1.0,2024.0,data.bangkok.go.th (สวน 15 นาที / env_park15_min.csv)
281.0,หนองแขม,สวนถนนบางบอน 5 สถานที่บริเวณถนนบางบอน 5 สายเดิม,100.0,renovation,8.0,2024.0,data.bangkok.go.th (สวน 15 นาที / env_park15_min.csv)
282.0,หนองแขม,สวนริิมถนนหน้าบริษัทนันยาง,401.6,new_build,1.0,2025.0,data.bangkok.go.th (สวน 15 นาที / env_park15_min.csv)
283.0,หนองจอก,สวนหนองจอกวนาภิรมย์  แขวงลำผักชี,64000.0,new_build,7.0,2022.0,data.bangkok.go.th (สวน 15 นาที / env_park15_min.csv)
284.0,หนองจอก,สวนเลียบวารีภิรมย์ ถนนเลียบวารี,11200.0,new_build,6.0,2024.0,data.bangkok.go.th (สวน 15 นาที / env_park15_min.csv)
285.0,หนองจอก,สวนน้ำพระยาปลา ถนนประชาสำราญ,12800.0,new_build,7.0,2024.0,data.bangkok.go.th (สวน 15 นาที / env_park15_min.csv)
286.0,หนองจอก,สวนบึงแตงโม  ถนนมิตรไมตรี,3796.0,new_build,7.0,2024.0,data.bangkok.go.th (สวน 15 นาที / env_park15_min.csv)
287.0,หนองจอก,สวนคลองลำไทร ถนนลำไทร,1600.0,renovation,8.0,2024.0,data.bangkok.go.th (สวน 15 นาที / env_park15_min.csv)
288.0,หนองจอก,สวนลำสลิดทอง ถนนอยู่วิทยา,1300.0,new_build,9.0,2024.0,data.bangkok.go.th (สวน 15 นาที / env_park15_min.csv)
289.0,หนองจอก,สวนไผ่คลองลำแขก,8000.0,new_build,9.0,2024.0,data.bangkok.go.th (สวน 15 นาที / env_park15_min.csv)
290.0,หนองจอก,สวนบึงน้ำใส,1600.0,renovation,11.0,2024.0,data.bangkok.go.th (สวน 15 นาที / env_park15_min.csv)
291.0,หลักสี่,สวน 15 นาที หมู่บ้านจัดสรรรถไฟ,330.0,new_build,9.0,2023.0,data.bangkok.go.th (สวน 15 นาที / env_park15_min.csv)
292.0,หลักสี่,สวน 15 นาที ซอยวิภาวดี 62 Park Lane @Vibha 62,900.0,renovation,9.0,2023.0,data.bangkok.go.th (สวน 15 นาที / env_park15_min.csv)
293.0,หลักสี่,สวน 15 นาที หมู่บ้านเจริญทรัพย์,142.5,new_build,9.0,2023.0,data.bangkok.go.th (สวน 15 นาที / env_park15_min.csv)
294.0,หลักสี่,สวน 15 นาที เคหะชุมชนท่าทราย,1000.0,new_build,10.0,2023.0,data.bangkok.go.th (สวน 15 นาที / env_park15_min.csv)
295.0,หลักสี่,สวน 15 นาที หน้าสถานีตำรวจนครบาลทุ่งสองห้อง,400.0,new_build,1.0,2024.0,data.bangkok.go.th (สวน 15 นาที / env_park15_min.csv)
296.0,หลักสี่,สวน 100th รวมใจ@หลักสี่,528.0,new_build,5.0,2024.0,data.bangkok.go.th (สวน 15 นาที / env_park15_min.csv)
297.0,หลักสี่,สวน 15 นาที Vibha 58 park @ซอยวิภาวดีรังสิต 58 (เปิด 18 ต.ค. 2567),440.0,renovation,8.0,2024.0,data.bangkok.go.th (สวน 15 นาที / env_park15_min.csv)
298.0,หลักสี่,สวน15 าที สวนรักษ์หลักสี่ Infinity Park,440.0,new_build,9.0,2024.0,data.bangkok.go.th (สวน 15 นาที / env_park15_min.csv)
299.0,ห้วยขวาง,สวนอยู่เจริญภิรมย์,968.8,new_build,10.0,2023.0,data.bangkok.go.th (สวน 15 นาที / env_park15_min.csv)
300.0,ห้วยขวาง,สวนหย่อมถนนพระรามเก้าแยก11,0.0,renovation,12.0,2023.0,data.bangkok.go.th (สวน 15 นาที / env_park15_min.csv)
301.0,ห้วยขวาง,สวนสบายใจ ข้างฝ่ายทะเบียนสำนักงานเขตห้วยขวาง,80.0,new_build,3.0,2024.0,data.bangkok.go.th (สวน 15 นาที / env_park15_min.csv)
302.0,ห้วยขวาง,สวน15 นาที สวนป่าพระรามเก้า,0.0,renovation,9.0,2024.0,data.bangkok.go.th (สวน 15 นาที / env_park15_min.csv)
303.0,สำนักสิ่งแวดล้อม,สวนนาวงประชาพัฒนา 21,6400.0,new_build,,,data.bangkok.go.th (สวน 15 นาที / env_park15_min.csv)
304.0,สำนักสิ่งแวดล้อม,สวนป่าสักวิภาวดี,4800.0,new_build,2.0,2024.0,data.bangkok.go.th (สวน 15 นาที / env_park15_min.csv)
305.0,สำนักสิ่งแวดล้อม,สวนป่าชุ่มน้ำบางกอก,137600.0,new_build,6.0,2024.0,data.bangkok.go.th (สวน 15 นาที / env_park15_min.csv)
306.0,สำนักสิ่งแวดล้อม,สวนสาน,3600.0,new_build,,,data.bangkok.go.th (สวน 15 นาที / env_park15_min.csv)
307.0,สำนักสิ่งแวดล้อม,สวนสุวรรณานนท์,12356.0,new_build,7.0,2024.0,data.bangkok.go.th (สวน 15 นาที / env_park15_min.csv)
,,,169985.2,,,,data.bangkok.go.th (สวน 15 นาที / env_park15_min.csv)
,,,169985.2,,,,data.bangkok.go.th (สวน 15 นาที / env_park15_min.csv)
